Workbook
Name Slicer_Category: #N/A
Name Slicer_PaymentMode: #N/A
Name Slicer_Region: #N/A

Sheet Final Dashboard
E2: Sales Performance Dashboard
B4: Total sales | D4: Total orders | F4: Total quantity | H4: Avg order value
B5: 785500 | D5: 20 | F5: 188 | H5: ='Final Dashboard'!B5/'Final Dashboard'!D5 -> 39275

Sheet pivot tables
A3: Row Labels | B3: Sum of Sales | D3: Row Labels | E3: Sum of Sales | G3: Row Labels | H3: Sum of Sales | J3: Row Labels | K3: Sum of Qty
A4: East | B4: 7000 | D4: Electronics | E4: 620500 | G4: Amit | H4: 53600 | J4: Desk | K4: 4
A5: North | B5: 183000 | D5: Furniture | E5: 158000 | G5: Anjali | H5: 64500 | J5: Headphones | K5: 20
A6: South | B6: 437500 | D6: Stationery | E6: 7000 | G6: Arjun | H6: 93500 | J6: Keyboard | K6: 25
A7: West | B7: 158000 | D7: Grand Total | E7: 785500 | G7: Kiran | H7: 37500 | J7: Laptop | K7: 3
A8: Grand Total | B8: 785500 | G8: Neha | H8: 1000 | J8: Mobile | K8: 8
G9: Priya | H9: 200000 | J9: Monitor | K9: 7
G10: Rahul | H10: 200000 | J10: Notebook | K10: 50
G11: Ravi | H11: 6000 | J11: Office Chair | K11: 11
A12: Row Labels | B12: Sum of Sales | D12: Row Labels | E12: Sum of Sales | G12: Sneha | H12: 129400 | J12: Pen | K12: 50
A13: UPI | B13: 390000 | D13: Bengaluru | E13: 37500 | G13: Grand Total | H13: 785500 | J13: Printer | K13: 5
A14: Cash | B14: 56500 | D14: Chennai | E14: 200000 | J14: Table | K14: 5
A15: Card | B15: 339000 | D15: Delhi | E15: 129400 | J15: Grand Total | K15: 188
A16: Grand Total | B16: 785500 | D16: Hyderabad | E16: 200000
D17: Jaipur | E17: 53600
D18: Kolkata | E18: 7000
D19: Mumbai | E19: 93500
D20: Pune | E20: 64500
D21: Grand Total | E21: 785500

Sheet pivot charts and slicers

Sheet Sales Data
A1: OrderID | B1: OrderDate | C1: Region | D1: City | E1: Salesperson | F1: Category | G1: Product | H1: Qty | I1: UnitPrice | J1: Sales | K1: PaymentMode
A2: ORD1001 | B2: 05-01-2026 | C2: South | D2: Hyderabad | E2: Rahul | F2: Electronics | G2: Laptop | H2: 2 | I2: 55000 | J2: =H2*I2 -> 110000 | K2: UPI | M2: total sales | N2: total Qty | O2: =AVERAGE(J2:J21) -> 39275
A3: ORD1002 | B3: 06-01-2026 | C3: South | D3: Chennai | E3: Priya | F3: Electronics | G3: Mobile | H3: 3 | I3: 25000 | J3: =H3*I3 -> 75000 | K3: Card | M3: =SUM(I2:I21) -> 268660 | N3: =SUM(H2:H21) -> 188
A4: ORD1003 | B4: 08-01-2026 | C4: West | D4: Mumbai | E4: Arjun | F4: Furniture | G4: Office Chair | H4: 5 | I4: 6500 | J4: =H4*I4 -> 32500 | K4: Cash
A5: ORD1004 | B5: 10-01-2026 | C5: North | D5: Delhi | E5: Sneha | F5: Electronics | G5: Monitor | H5: 4 | I5: 12000 | J5: =H5*I5 -> 48000 | K5: UPI | M5: =MAX(J2:J21) -> 125000 | N5: =MIN(J5:J21) -> 1000 | O5: =COUNTA(A2:A21) -> 20
A6: ORD1005 | B6: 12-01-2026 | C6: East | D6: Kolkata | E6: Ravi | F6: Stationery | G6: Notebook | H6: 20 | I6: 120 | J6: =H6*I6 -> 2400 | K6: Cash
A7: ORD1006 | B7: 15-01-2026 | C7: South | D7: Bengaluru | E7: Kiran | F7: Electronics | G7: Keyboard | H7: 10 | I7: 1500 | J7: =H7*I7 -> 15000 | K7: Card | M7: =SUMIF(C2:C21,"south",J2:J21) -> 437500 | N7: =SUMIF(C2:C21,"west",J2:J21) -> 158000 | O7: =SUMIF(F2:F21,"electronics",J2:J21) -> 620500
A8: ORD1007 | B8: 18-01-2026 | C8: West | D8: Pune | E8: Anjali | F8: Furniture | G8: Table | H8: 3 | I8: 8500 | J8: =H8*I8 -> 25500 | K8: UPI | O8: =SUMIF(F2:F22,"furniture",J2:J22) -> 158000
A9: ORD1008 | B9: 20-01-2026 | C9: North | D9: Jaipur | E9: Amit | F9: Electronics | G9: Headphones | H9: 8 | I9: 2200 | J9: =H9*I9 -> 17600 | K9: Card
A10: ORD1009 | B10: 22-01-2026 | C10: East | D10: Kolkata | E10: Neha | F10: Stationery | G10: Pen | H10: 50 | I10: 20 | J10: =H10*I10 -> 1000 | K10: Cash
A11: ORD1010 | B11: 25-01-2026 | C11: South | D11: Hyderabad | E11: Rahul | F11: Electronics | G11: Printer | H11: 2 | I11: 18000 | J11: =H11*I11 -> 36000 | K11: UPI | N11: =COUNTIF(K2:K21,"CASH") -> 5 | O11: =SUMIF(E2:E22,"rahul",J2:J22) -> 200000
A12: ORD1011 | B12: 28-01-2026 | C12: West | D12: Mumbai | E12: Arjun | F12: Furniture | G12: Desk | H12: 4 | I12: 11000 | J12: =H12*I12 -> 44000 | K12: Card | O12: =SUMIF(E2:E23,"priya",J2:J23) -> 200000
A13: ORD1012 | B13: 02-02-2026 | C13: North | D13: Delhi | E13: Sneha | F13: Electronics | G13: Laptop | H13: 1 | I13: 55000 | J13: =H13*I13 -> 55000 | K13: UPI | N13: {=SUMIF(C2:C21,south,J2:J21)} -> 0
A14: ORD1013 | B14: 05-02-2026 | C14: South | D14: Chennai | E14: Priya | F14: Electronics | G14: Mobile | H14: 5 | I14: 25000 | J14: =H14*I14 -> 125000 | K14: Card
A15: ORD1014 | B15: 08-02-2026 | C15: East | D15: Kolkata | E15: Ravi | F15: Stationery | G15: Notebook | H15: 30 | I15: 120 | J15: =H15*I15 -> 3600 | K15: Cash
A16: ORD1015 | B16: 12-02-2026 | C16: West | D16: Pune | E16: Anjali | F16: Furniture | G16: Office Chair | H16: 6 | I16: 6500 | J16: =H16*I16 -> 39000 | K16: UPI
A17: ORD1016 | B17: 15-02-2026 | C17: North | D17: Jaipur | E17: Amit | F17: Electronics | G17: Monitor | H17: 3 | I17: 12000 | J17: =H17*I17 -> 36000 | K17: Card
A18: ORD1017 | B18: 18-02-2026 | C18: South | D18: Bengaluru | E18: Kiran | F18: Electronics | G18: Keyboard | H18: 15 | I18: 1500 | J18: =H18*I18 -> 22500 | K18: UPI
A19: ORD1018 | B19: 20-02-2026 | C19: West | D19: Mumbai | E19: Arjun | F19: Furniture | G19: Table | H19: 2 | I19: 8500 | J19: =H19*I19 -> 17000 | K19: Cash
A20: ORD1019 | B20: 23-02-2026 | C20: North | D20: Delhi | E20: Sneha | F20: Electronics | G20: Headphones | H20: 12 | I20: 2200 | J20: =H20*I20 -> 26400 | K20: Card
A21: ORD1020 | B21: 26-02-2026 | C21: South | D21: Hyderabad | E21: Rahul | F21: Electronics | G21: Printer | H21: 3 | I21: 18000 | J21: =H21*I21 -> 54000 | K21: UPI

Sheet Project Tasks
A1: EXCEL SALES PROJECT - TASKS
A3: No. | B3: Task | C3: What to do
A4: 1 | B4: Calculate Sales | C4: Use Qty × UnitPrice. Sales column already contains formulas; inspect and practice recreating them.
A5: 2 | B5: Total Sales | C5: Find the total sales using SUM.
A6: 3 | B6: Total Quantity Sold | C6: Find total Qty using SUM.
A7: 4 | B7: Average Sales | C7: Find average order sales using AVERAGE.
A8: 5 | B8: Highest Sales Order | C8: Find the highest Sales value using MAX.
A9: 6 | B9: Lowest Sales Order | C9: Find the lowest Sales value using MIN.
A10: 7 | B10: Region-wise Sales | C10: Use SUMIF or a PivotTable to calculate sales by Region.
A11: 8 | B11: Category-wise Sales | C11: Use SUMIF or a PivotTable to calculate sales by Category.
A12: 9 | B12: Salesperson-wise Sales | C12: Calculate total sales for each salesperson.
A13: 10 | B13: Payment Mode Sales | C13: Calculate sales by UPI, Card and Cash.
A14: 11 | B14: Create a PivotTable | C14: Build a PivotTable summarizing Region, Category and Sales.
... A18: 15 | B18: Add Slicers | C18: Add slicers for Region, Category and PaymentMode.
A21: Formula Practice
A22: SUM | B22: =SUM('Sales Data'!J2:J21) -> 785500
A23: AVERAGE | B23: =AVERAGE('Sales Data'!J2:J21) -> 39275
A24: MAX | B24: =MAX('Sales Data'!J2:J21) -> 125000
A25: MIN | B25: =MIN('Sales Data'!J2:J21) -> 1000
A26: SUMIF example | B26: =SUMIF('Sales Data'!C2:C21,"South",'Sales Data'!J2:J21) -> 437500
